{
  "slots": {
    "left": 1,
    "pmin": 0.10000000149011612,
    "pmax": 0.4000000059604645,
    "attrs": [
      "gfx/hud/chr/psy",
      "gfx/hud/chr/stealth"
    ]
  }
}