{
  "slots": {
    "left": 1,
    "pmin": 0.05000000074505806,
    "pmax": 0.20000000298023224,
    "attrs": [
      "gfx/hud/chr/agi"
    ]
  }
}