{
  "wear": 10,
  "gast": {
    "glut": 0.07533708439204916,
    "fev": 0.015067415713550997
  }
}