{
  "slots": {
    "left": 1,
    "pmin": 0.05000000074505806,
    "pmax": 0.15000000596046448,
    "attrs": [
      "gfx/hud/chr/carpentry"
    ]
  }
}