{
  "wear": 10,
  "gast": {
    "glut": 0.04988876607254934,
    "fev": 0.006236095397774655
  }
}