{
  "wear": 10,
  "gast": {
    "glut": 0.09999999564336685,
    "fev": 0.00999999966647068
  }
}