{
  "gilding": {
    "pmin": 0.4000000059604645,
    "pmax": 0.8999999761581421,
    "attrs": [
      "gfx/hud/chr/explore"
    ],
    "bonuses": {
      "gfx/hud/chr/prc": 5
    }
  }
}