{
  "gilding": {
    "pmin": 0.10000000149011612,
    "pmax": 0.800000011920929,
    "attrs": [
      "gfx/hud/chr/agi"
    ],
    "bonuses": {
      "gfx/hud/chr/agi": 3
    }
  }
}