{
  "slots": {
    "left": 1,
    "pmin": 0.15000000596046448,
    "pmax": 0.3499999940395355,
    "attrs": [
      "gfx/hud/chr/sewing"
    ]
  }
}