{
  "wear": 15,
  "armor": {
    "hard": 1,
    "soft": 3
  },
  "slots": {
    "left": 1,
    "pmin": 0.20000000298023224,
    "pmax": 0.3499999940395355,
    "attrs": [
      "gfx/hud/chr/agi"
    ]
  }
}