{
  "wear": 10,
  "gast": {
    "glut": 0.13357553693526225,
    "fev": 0.01669694174003231
  }
}