{
  "slots": {
    "left": 1,
    "pmin": 0.20000000298023224,
    "pmax": 0.4000000059604645,
    "attrs": [
      "gfx/hud/chr/explore",
      "gfx/hud/chr/survive"
    ]
  }
}