{
  "wear": 10,
  "gast": {
    "glut": 0.09534625805735686,
    "fev": 0.009534626060341667
  }
}