{
  "gilding": {
    "pmin": 0.44999998807907104,
    "pmax": 0.949999988079071,
    "attrs": [
      "gfx/hud/chr/survive"
    ],
    "bonuses": {
      "gfx/hud/chr/survive": 2
    }
  }
}