{
  "wear": 10,
  "gast": {
    "glut": 0.019999999252335886,
    "fev": 0.009999999562793826
  }
}