{
  "wear": 10,
  "gast": {
    "glut": 0.07071067861947798,
    "fev": 0.00707106771243877
  }
}